year,word,frequency
1700,cat,11.601
1700,dinosaur,0.0
1700,dog,29.388
1700,goat,16.707
1700,horse,107.127
1700,lobster,0.653
1700,penguin,0.302
1700,shrimp,0.528
1700,tuna,0.223
1700,zebra,0.002
1701,cat,12.475
1701,dog,32.054
1701,goat,15.635
1701,horse,119.436
1701,lobster,0.667
1701,penguin,0.355
1701,shrimp,0.479
1701,tuna,0.251
1701,zebra,0.004
1702,cat,13.726
1702,dog,35.102
1702,goat,15.262
1702,horse,135.049
1702,lobster,0.727
1702,penguin,0.432
1702,shrimp,0.47
1702,tuna,0.265
1702,zebra,0.008
1703,cat,15.049
1703,dog,37.578
1703,goat,15.401
1703,horse,150.645
1703,lobster,0.82
1703,penguin,0.486
1703,shrimp,0.486
1703,tuna,0.254
1703,zebra,0.012
1704,cat,15.945
1704,dog,38.454
1704,goat,15.396
1704,horse,163.304
1704,lobster,0.902
1704,penguin,0.47
1704,shrimp,0.485
1704,tuna,0.22
1704,zebra,0.014
1705,cat,16.125
1705,dog,37.802
1705,goat,14.767
1705,horse,172.028
1705,lobster,0.966
1705,penguin,0.384
1705,shrimp,0.452
1705,tuna,0.175
1705,zebra,0.013
1706,cat,15.824
1706,dog,36.991
1706,goat,13.662
1706,horse,176.119
1706,lobster,1.056
1706,penguin,0.273
1706,shrimp,0.411
1706,tuna,0.14
1706,zebra,0.01
1707,cat,15.567
1707,dog,37.44
1707,goat,12.652
1707,horse,173.985
1707,lobster,1.201
1707,penguin,0.183
1707,shrimp,0.401
1707,tuna,0.127
1707,zebra,0.01
1708,cat,15.652
1708,dog,39.105
1708,goat,12.193
1708,horse,165.38
1708,lobster,1.35
1708,penguin,0.135
1708,shrimp,0.423
1708,tuna,0.148
1708,zebra,0.012
1709,cat,15.98
1709,dog,40.591
1709,goat,12.304
1709,horse,152.814
1709,lobster,1.384
1709,penguin,0.123
1709,shrimp,0.438
1709,tuna,0.205
1709,zebra,0.016
1710,cat,16.294
1710,dog,40.578
1710,goat,12.716
1710,horse,140.279
1710,lobster,1.243
1710,penguin,0.128
1710,shrimp,0.415
1710,tuna,0.287
1710,zebra,0.017
1711,cat,16.434
1711,dog,39.056
1711,goat,13.19
1711,horse,129.705
1711,lobster,0.992
1711,penguin,0.131
1711,shrimp,0.361
1711,tuna,0.362
1711,zebra,0.015
1712,cat,16.342
1712,dog,37.141
1712,goat,13.653
1712,horse,120.782
1712,lobster,0.767
1712,penguin,0.12
1712,shrimp,0.306
1712,tuna,0.391
1712,zebra,0.011
1713,cat,15.997
1713,dog,35.849
1713,goat,14.146
1713,horse,114.036
1713,lobster,0.655
1713,penguin,0.097
1713,shrimp,0.265
1713,tuna,0.361
1713,zebra,0.007
1714,cat,15.489
1714,dog,35.666
1714,goat,14.596
1714,horse,111.678
1714,lobster,0.656
1714,penguin,0.075
1714,shrimp,0.237
1714,tuna,0.295
1714,zebra,0.007
1715,cat,15.196
1715,dog,36.613
1715,goat,15.072
1715,horse,115.083
1715,lobster,0.728
1715,penguin,0.071
1715,shrimp,0.213
1715,tuna,0.232
1715,zebra,0.009
1716,cat,15.557
1716,dog,38.407
1716,goat,15.919
1716,horse,121.875
1716,lobster,0.832
1716,penguin,0.094
1716,shrimp,0.192
1716,tuna,0.193
1716,zebra,0.012
1717,cat,16.762
1717,dog,40.72
1717,goat,17.432
1717,horse,128.155
1717,lobster,0.966
1717,penguin,0.139
1717,shrimp,0.187
1717,tuna,0.181
1717,zebra,0.014
1718,cat,18.454
1718,dog,43.031
1718,goat,19.268
1718,horse,131.315
1718,lobster,1.133
1718,penguin,0.188
1718,shrimp,0.202
1718,tuna,0.185
1718,zebra,0.013
1719,cat,19.807
1719,dog,44.907
1719,goat,20.402
1719,horse,131.856
1719,lobster,1.315
1719,penguin,0.214
1719,shrimp,0.237
1719,tuna,0.192
1719,zebra,0.012
1720,cat,20.088
1720,dog,46.068
1720,goat,20.039
1720,horse,131.576
1720,lobster,1.462
1720,penguin,0.204
1720,shrimp,0.276
1720,tuna,0.194
1720,zebra,0.012
1721,cat,19.153
1721,dog,46.322
1721,goat,18.398
1721,horse,131.434
1721,lobster,1.522
1721,penguin,0.163
1721,shrimp,0.303
1721,tuna,0.187
1721,zebra,0.015
1722,cat,17.471
1722,dog,45.472
1722,goat,16.369
1722,horse,131.988
1722,lobster,1.474
1722,penguin,0.117
1722,shrimp,0.32
1722,tuna,0.175
1722,zebra,0.021
1723,cat,15.737
1723,dog,43.539
1723,goat,14.689
1723,horse,133.666
1723,lobster,1.345
1723,penguin,0.09
1723,shrimp,0.346
1723,tuna,0.165
1723,zebra,0.026
1724,cat,14.48
1724,dog,40.877
1724,goat,13.62
1724,horse,136.438
1724,lobster,1.186
1724,penguin,0.09
1724,shrimp,0.387
1724,tuna,0.164
1724,zebra,0.027
1725,cat,13.834
1725,dog,38.075
1725,goat,13.124
1725,horse,139.478
1725,lobster,1.034
1725,penguin,0.104
1725,shrimp,0.418
1725,tuna,0.176
1725,zebra,0.025
1726,cat,13.606
1726,dog,35.637
1726,goat,13.006
1726,horse,140.242
1726,lobster,0.905
1726,penguin,0.114
1726,shrimp,0.407
1726,tuna,0.198
1726,zebra,0.018
1727,cat,13.579
1727,dog,33.904
1727,goat,13.059
1727,horse,137.303
1727,lobster,0.808
1727,penguin,0.112
1727,shrimp,0.354
1727,tuna,0.224
1727,zebra,0.011
1728,cat,13.612
1728,dog,33.132
1728,goat,12.989
1728,horse,132.095
1728,lobster,0.766
1728,penguin,0.108
1728,shrimp,0.303
1728,tuna,0.245
1728,zebra,0.006
1729,cat,13.771
1729,dog,33.714
1729,goat,12.741
1729,horse,127.999
1729,lobster,0.801
1729,penguin,0.108
1729,shrimp,0.298
1729,tuna,0.252
1729,zebra,0.004
1730,cat,14.069
1730,dog,35.697
1730,goat,12.507
1730,horse,126.987
1730,lobster,0.903
1730,penguin,0.115
1730,shrimp,0.354
1730,tuna,0.246
1730,zebra,0.004
1731,cat,14.485
1731,dog,38.708
1731,goat,12.502
1731,horse,129.118
1731,lobster,1.02
1731,penguin,0.119
1731,shrimp,0.443
1731,tuna,0.231
1731,zebra,0.007
1732,cat,14.927
1732,dog,41.734
1732,goat,12.66
1732,horse,133.554
1732,lobster,1.089
1732,penguin,0.111
1732,shrimp,0.517
1732,tuna,0.216
1732,zebra,0.01
1733,cat,15.321
1733,dog,43.691
1733,goat,12.683
1733,horse,139.959
1733,lobster,1.09
1733,penguin,0.09
1733,shrimp,0.541
1733,tuna,0.206
1733,zebra,0.012
1734,cat,15.644
1734,dog,44.056
1734,goat,12.381
1734,horse,147.308
1734,lobster,1.059
1734,penguin,0.062
1734,shrimp,0.516
1734,tuna,0.205
1734,zebra,0.011
1735,cat,15.875
1735,dog,43.053
1735,goat,11.922
1735,horse,152.926
1735,lobster,1.056
1735,penguin,0.037
1735,shrimp,0.475
1735,tuna,0.215
1735,zebra,0.01
1736,cat,15.927
1736,dog,41.42
1736,goat,11.597
1736,horse,154.452
1736,lobster,1.106
1736,penguin,0.022
1736,shrimp,0.45
1736,tuna,0.234
1736,zebra,0.011
1737,cat,15.664
1737,dog,39.848
1737,goat,11.496
1737,horse,151.552
1737,lobster,1.171
1737,penguin,0.017
1737,shrimp,0.447
1737,tuna,0.261
1737,zebra,0.013
1738,cat,15.028
1738,dog,38.493
1738,goat,11.448
1738,horse,145.179
1738,lobster,1.191
1738,penguin,0.02
1738,shrimp,0.442
1738,tuna,0.286
1738,zebra,0.015
1739,cat,14.164
1739,dog,37.284
1739,goat,11.318
1739,horse,136.896
1739,lobster,1.135
1739,penguin,0.03
1739,shrimp,0.418
1739,tuna,0.296
1739,zebra,0.017
1740,cat,13.42
1740,dog,36.334
1740,goat,11.194
1740,horse,128.81
1740,lobster,1.032
1740,penguin,0.05
1740,shrimp,0.395
1740,tuna,0.286
1740,zebra,0.018
1741,cat,13.218
1741,dog,36.572
1741,goat,11.388
1741,horse,124.406
1741,lobster,0.934
1741,penguin,0.089
1741,shrimp,0.411
1741,tuna,0.263
1741,zebra,0.022
1742,cat,13.751
1742,dog,38.749
1742,goat,12.156
1742,horse,126.26
1742,lobster,0.883
1742,penguin,0.152
1742,shrimp,0.492
1742,tuna,0.241
1742,zebra,0.032
1743,cat,14.925
1743,dog,42.622
1743,goat,13.475
1743,horse,134.095
1743,lobster,0.884
1743,penguin,0.232
1743,shrimp,0.61
1743,tuna,0.229
1743,zebra,0.051
1744,cat,16.301
1744,dog,46.301
1744,goat,14.923
1744,horse,143.796
1744,lobster,0.91
1744,penguin,0.309
1744,shrimp,0.706
1744,tuna,0.224
1744,zebra,0.073
1745,cat,17.42
1745,dog,48.075
1745,goat,16.007
1745,horse,150.197
1745,lobster,0.933
1745,penguin,0.354
1745,shrimp,0.737
1745,tuna,0.22
1745,zebra,0.084
1746,cat,18.013
1746,dinosaur,0.0
1746,dog,47.825
1746,goat,16.398
1746,horse,150.599
1746,lobster,0.949
1746,penguin,0.356
1746,shrimp,0.699
1746,tuna,0.214
1746,zebra,0.077
1747,cat,18.057
1747,dinosaur,0.0
1747,dog,46.915
1747,goat,16.066
1747,horse,146.561
1747,lobster,0.979
1747,penguin,0.328
1747,shrimp,0.624
1747,tuna,0.209
1747,zebra,0.055
1748,cat,17.672
1748,dinosaur,0.0
1748,dog,46.467
1748,goat,15.109
1748,horse,142.034
1748,lobster,1.043
1748,penguin,0.298
1748,shrimp,0.542
1748,tuna,0.209
1748,zebra,0.032
1749,cat,17.014
1749,dinosaur,0.001
1749,dog,46.234
1749,goat,13.693
1749,horse,139.776
1749,lobster,1.12
1749,penguin,0.28
1749,shrimp,0.469
1749,tuna,0.213
1749,zebra,0.016
1750,cat,16.239
1750,dinosaur,0.003
1750,dog,45.372
1750,goat,12.084
1750,horse,139.985
1750,lobster,1.153
1750,penguin,0.266
1750,shrimp,0.408
1750,tuna,0.217
1750,zebra,0.011
1751,cat,15.564
1751,dinosaur,0.006
1751,dog,43.699
1751,goat,10.737
1751,horse,141.76
1751,lobster,1.109
1751,penguin,0.241
1751,shrimp,0.358
1751,tuna,0.217
1751,zebra,0.018
1752,cat,15.296
1752,dinosaur,0.008
1752,dog,41.848
1752,goat,10.058
1752,horse,145.32
1752,lobster,1.02
1752,penguin,0.205
1752,shrimp,0.326
1752,tuna,0.215
1752,zebra,0.035
1753,cat,15.636
1753,dinosaur,0.009
1753,dog,40.537
1753,goat,10.166
1753,horse,151.245
1753,lobster,0.947
1753,penguin,0.174
1753,shrimp,0.313
1753,tuna,0.219
1753,zebra,0.061
1754,cat,16.413
1754,dinosaur,0.008
1754,dog,39.818
1754,goat,10.822
1754,horse,158.602
1754,lobster,0.934
1754,penguin,0.166
1754,shrimp,0.313
1754,tuna,0.236
1754,zebra,0.088
1755,cat,17.069
1755,dinosaur,0.006
1755,dog,39.301
1755,goat,11.57
1755,horse,165.849
1755,lobster,0.972
1755,penguin,0.19
1755,shrimp,0.319
1755,tuna,0.261
1755,zebra,0.107
1756,cat,17.028
1756,dinosaur,0.003
1756,dog,38.564
1756,goat,12.151
1756,horse,172.376
1756,lobster,1.029
1756,penguin,0.252
1756,shrimp,0.33
1756,tuna,0.284
1756,zebra,0.118
1757,cat,16.204
1757,dinosaur,0.001
1757,dog,37.7
1757,goat,12.635
1757,horse,178.736
1757,lobster,1.076
1757,penguin,0.345
1757,shrimp,0.345
1757,tuna,0.301
1757,zebra,0.125
1758,cat,14.994
1758,dinosaur,0.0
1758,dog,37.117
1758,goat,13.165
1758,horse,185.063
1758,lobster,1.1
1758,penguin,0.444
1758,shrimp,0.354
1758,tuna,0.313
1758,zebra,0.131
1759,cat,13.86
1759,dinosaur,0.0
1759,dog,37.029
1759,goat,13.603
1759,horse,189.417
1759,lobster,1.094
1759,penguin,0.507
1759,shrimp,0.343
1759,tuna,0.317
1759,zebra,0.133
1760,cat,12.961
1760,dinosaur,0.001
1760,dog,37.015
1760,goat,13.575
1760,horse,189.334
1760,lobster,1.071
1760,penguin,0.505
1760,shrimp,0.304
1760,tuna,0.308
1760,zebra,0.129
1761,cat,12.376
1761,dinosaur,0.001
1761,dog,36.529
1761,goat,12.958
1761,horse,184.105
1761,lobster,1.061
1761,penguin,0.442
1761,shrimp,0.251
1761,tuna,0.29
1761,zebra,0.12
1762,cat,12.362
1762,dinosaur,0.002
1762,dog,35.609
1762,goat,12.079
1762,horse,175.13
1762,lobster,1.101
1762,penguin,0.353
1762,shrimp,0.211
1762,tuna,0.269
1762,zebra,0.11
1763,cat,13.162
1763,dinosaur,0.003
1763,dog,34.884
1763,goat,11.436
1763,horse,164.792
1763,lobster,1.202
1763,penguin,0.275
1763,shrimp,0.203
1763,tuna,0.249
1763,zebra,0.101
1764,cat,14.721
1764,dinosaur,0.004
1764,dog,35.016
1764,goat,11.268
1764,horse,155.536
1764,lobster,1.324
1764,penguin,0.232
1764,shrimp,0.23
1764,tuna,0.227
1764,zebra,0.093
1765,cat,16.585
1765,dinosaur,0.003
1765,dog,36.068
1765,goat,11.507
1765,horse,149.121
1765,lobster,1.417
1765,penguin,0.228
1765,shrimp,0.283
1765,tuna,0.204
1765,zebra,0.089
1766,cat,18.196
1766,dinosaur,0.002
1766,dog,37.578
1766,goat,11.961
1766,horse,146.369
1766,lobster,1.466
1766,penguin,0.258
1766,shrimp,0.35
1766,tuna,0.185
1766,zebra,0.095
1767,cat,19.167
1767,dinosaur,0.001
1767,dog,38.918
1767,goat,12.391
1767,horse,147.777
1767,lobster,1.492
1767,penguin,0.311
1767,shrimp,0.421
1767,tuna,0.175
1767,zebra,0.112
1768,cat,19.301
1768,dinosaur,0.001
1768,dog,39.687
1768,goat,12.651
1768,horse,153.119
1768,lobster,1.519
1768,penguin,0.372
1768,shrimp,0.482
1768,tuna,0.176
1768,zebra,0.142
1769,cat,18.793
1769,dinosaur,0.0
1769,dog,39.905
1769,goat,12.77
1769,horse,160.951
1769,lobster,1.537
1769,penguin,0.436
1769,shrimp,0.52
1769,tuna,0.187
1769,zebra,0.181
1770,cat,18.21
1770,dinosaur,0.0
1770,dog,40.037
1770,goat,12.925
1770,horse,167.704
1770,lobster,1.522
1770,penguin,0.507
1770,shrimp,0.524
1770,tuna,0.206
1770,zebra,0.226
1771,cat,18.073
1771,dinosaur,0.0
1771,dog,40.478
1771,goat,13.234
1771,horse,168.923
1771,lobster,1.476
1771,penguin,0.6
1771,shrimp,0.497
1771,tuna,0.224
1771,zebra,0.275
1772,cat,18.35
1772,dog,41.224
1772,goat,13.674
1772,horse,163.192
1772,lobster,1.438
1772,penguin,0.727
1772,shrimp,0.45
1772,tuna,0.231
1772,zebra,0.327
1773,cat,18.505
1773,dog,41.845
1773,goat,14.174
1773,horse,153.614
1773,lobster,1.442
1773,penguin,0.873
1773,shrimp,0.393
1773,tuna,0.223
1773,zebra,0.375
1774,cat,18.012
1774,dog,41.886
1774,goat,14.664
1774,horse,145.263
1774,lobster,1.481
1774,penguin,0.989
1774,shrimp,0.336
1774,tuna,0.209
1774,zebra,0.404
1775,cat,16.92
1775,dog,41.358
1775,goat,15.056
1775,horse,141.001
1775,lobster,1.512
1775,penguin,1.022
1775,shrimp,0.287
1775,tuna,0.203
1775,zebra,0.405
1776,cat,15.74
1776,dog,40.74
1776,goat,15.172
1776,horse,140.394
1776,lobster,1.5
1776,penguin,0.947
1776,shrimp,0.254
1776,tuna,0.211
1776,zebra,0.377
1777,cat,14.93
1777,dog,40.406
1777,goat,14.915
1777,horse,141.147
1777,lobster,1.45
1777,penguin,0.79
1777,shrimp,0.243
1777,tuna,0.232
1777,zebra,0.335
1778,cat,14.63
1778,dog,40.265
1778,goat,14.355
1778,horse,141.188
1778,lobster,1.396
1778,penguin,0.611
1778,shrimp,0.254
1778,tuna,0.26
1778,zebra,0.3
1779,cat,14.672
1779,dog,39.864
1779,goat,13.671
1779,horse,139.557
1779,lobster,1.361
1779,penguin,0.473
1779,shrimp,0.28
1779,tuna,0.285
1779,zebra,0.282
1780,cat,14.779
1780,dog,38.985
1780,goat,12.996
1780,horse,136.093
1780,lobster,1.337
1780,penguin,0.415
1780,shrimp,0.302
1780,tuna,0.293
1780,zebra,0.278
1781,cat,14.845
1781,dog,38.07
1781,goat,12.477
1781,horse,131.475
1781,lobster,1.318
1781,penguin,0.445
1781,shrimp,0.308
1781,tuna,0.276
1781,zebra,0.288
1782,cat,14.908
1782,dinosaur,0.0
1782,dog,37.914
1782,goat,12.298
1782,horse,126.839
1782,lobster,1.33
1782,penguin,0.541
1782,shrimp,0.302
1782,tuna,0.242
1782,zebra,0.318
1783,cat,15.097
1783,dinosaur,0.0
1783,dog,38.892
1783,goat,12.596
1783,horse,123.312
1783,lobster,1.413
1783,penguin,0.657
1783,shrimp,0.308
1783,tuna,0.21
1783,zebra,0.369
1784,cat,15.416
1784,dinosaur,0.002
1784,dog,40.57
1784,goat,13.23
1784,horse,121.692
1784,lobster,1.562
1784,penguin,0.74
1784,shrimp,0.342
1784,tuna,0.196
1784,zebra,0.424
1785,cat,15.667
1785,dinosaur,0.005
1785,dog,41.905
1785,goat,13.829
1785,horse,121.889
1785,lobster,1.711
1785,penguin,0.757
1785,shrimp,0.396
1785,tuna,0.214
1785,zebra,0.454
1786,cat,15.663
1786,dinosaur,0.012
1786,dog,42.247
1786,goat,14.175
1786,horse,123.061
1786,lobster,1.769
1786,penguin,0.714
1786,shrimp,0.447
1786,tuna,0.275
1786,zebra,0.447
1787,cat,15.45
1787,dinosaur,0.023
1787,dog,41.924
1787,goat,14.518
1787,horse,124.138
1787,lobster,1.705
1787,penguin,0.652
1787,shrimp,0.473
1787,tuna,0.367
1787,zebra,0.427
1788,cat,15.279
1788,dinosaur,0.034
1788,dog,41.865
1788,goat,15.276
1788,horse,125.078
1788,lobster,1.571
1788,penguin,0.612
1788,shrimp,0.466
1788,tuna,0.453
1788,zebra,0.432
1789,cat,15.393
1789,dinosaur,0.039
1789,dog,42.641
1789,goat,16.475
1789,horse,126.704
1789,lobster,1.465
1789,penguin,0.603
1789,shrimp,0.433
1789,tuna,0.479
1789,zebra,0.473
1790,cat,15.829
1790,dinosaur,0.035
1790,dog,43.938
1790,goat,17.521
1790,horse,129.97
1790,lobster,1.461
1790,penguin,0.602
1790,shrimp,0.384
1790,tuna,0.427
1790,zebra,0.525
1791,cat,16.369
1791,dinosaur,0.026
1791,dog,44.822
1791,goat,17.688
1791,horse,134.882
1791,lobster,1.548
1791,penguin,0.58
1791,shrimp,0.338
1791,tuna,0.327
1791,zebra,0.559
1792,cat,16.696
1792,dinosaur,0.016
1792,dog,44.623
1792,goat,16.779
1792,horse,140.391
1792,lobster,1.65
1792,penguin,0.533
1792,shrimp,0.312
1792,tuna,0.228
1792,zebra,0.57
1793,cat,16.66
1793,dinosaur,0.009
1793,dog,43.597
1793,goat,15.298
1793,horse,145.382
1793,lobster,1.686
1793,penguin,0.486
1793,shrimp,0.313
1793,tuna,0.164
1793,zebra,0.584
1794,cat,16.358
1794,dinosaur,0.005
1794,dog,42.681
1794,goat,13.97
1794,horse,149.395
1794,lobster,1.631
1794,penguin,0.473
1794,shrimp,0.335
1794,tuna,0.137
1794,zebra,0.63
1795,cat,16.037
1795,dinosaur,0.003
1795,dog,42.65
1795,goat,13.241
1795,horse,152.193
1795,lobster,1.52
1795,penguin,0.504
1795,shrimp,0.367
1795,tuna,0.136
1795,zebra,0.709
1796,cat,15.896
1796,dinosaur,0.002
1796,dog,43.541
1796,goat,13.131
1796,horse,153.725
1796,lobster,1.418
1796,penguin,0.563
1796,shrimp,0.399
1796,tuna,0.151
1796,zebra,0.79
1797,cat,15.978
1797,dinosaur,0.001
1797,dog,44.897
1797,goat,13.405
1797,horse,154.243
1797,lobster,1.378
1797,penguin,0.617
1797,shrimp,0.434
1797,tuna,0.171
1797,zebra,0.836
1798,cat,16.224
1798,dinosaur,0.001
1798,dog,46.396
1798,goat,13.824
1798,horse,154.959
1798,lobster,1.411
1798,penguin,0.644
1798,shrimp,0.48
1798,tuna,0.185
1798,zebra,0.836
1799,cat,16.488
1799,dinosaur,0.002
1799,dog,47.859
1799,goat,14.214
1799,horse,157.556
1799,lobster,1.488
1799,penguin,0.642
1799,shrimp,0.53
1799,tuna,0.19
1799,zebra,0.807
1800,cat,16.565
1800,dinosaur,0.002
1800,dog,48.929
1800,goat,14.477
1800,horse,162.599
1800,lobster,1.56
1800,penguin,0.622
1800,shrimp,0.561
1800,tuna,0.185
1800,zebra,0.769
1801,cat,16.343
1801,dinosaur,0.002
1801,dog,49.17
1801,goat,14.557
1801,horse,169.013
1801,lobster,1.589
1801,penguin,0.591
1801,shrimp,0.551
1801,tuna,0.172
1801,zebra,0.729
1802,cat,15.959
1802,dinosaur,0.002
1802,dog,48.607
1802,goat,14.47
1802,horse,174.924
1802,lobster,1.584
1802,penguin,0.556
1802,shrimp,0.51
1802,tuna,0.155
1802,zebra,0.691
1803,cat,15.695
1803,dinosaur,0.001
1803,dog,47.816
1803,goat,14.299
1803,horse,179.051
1803,lobster,1.584
1803,penguin,0.527
1803,shrimp,0.469
1803,tuna,0.14
1803,zebra,0.665
1804,cat,15.721
1804,dinosaur,0.001
1804,dog,47.376
1804,goat,14.132
1804,horse,181.193
1804,lobster,1.629
1804,penguin,0.511
1804,shrimp,0.455
1804,tuna,0.131
1804,zebra,0.661
1805,cat,15.949
1805,dinosaur,0.001
1805,dog,47.389
1805,goat,14.002
1805,horse,181.853
1805,lobster,1.723
1805,penguin,0.507
1805,shrimp,0.464
1805,tuna,0.128
1805,zebra,0.664
1806,cat,16.138
1806,dinosaur,0.001
1806,dog,47.488
1806,goat,13.903
1806,horse,181.354
1806,lobster,1.829
1806,penguin,0.504
1806,shrimp,0.48
1806,tuna,0.13
1806,zebra,0.643
1807,cat,16.093
1807,dinosaur,0.001
1807,dog,47.172
1807,goat,13.808
1807,horse,179.686
1807,lobster,1.9
1807,penguin,0.492
1807,shrimp,0.489
1807,tuna,0.135
1807,zebra,0.579
1808,cat,15.757
1808,dinosaur,0.001
1808,dog,46.116
1808,goat,13.7
1808,horse,176.811
1808,lobster,1.903
1808,penguin,0.47
1808,shrimp,0.491
1808,tuna,0.142
1808,zebra,0.486
1809,cat,15.192
1809,dinosaur,0.0
1809,dog,44.352
1809,goat,13.556
1809,horse,173.081
1809,lobster,1.841
1809,penguin,0.451
1809,shrimp,0.49
1809,tuna,0.152
1809,zebra,0.397
1810,cat,14.526
1810,dinosaur,0.0
1810,dog,42.185
1810,goat,13.363
1810,horse,169.31
1810,lobster,1.74
1810,penguin,0.451
1810,shrimp,0.486
1810,tuna,0.164
1810,zebra,0.334
1811,cat,13.913
1811,dinosaur,0.0
1811,dog,40.063
1811,goat,13.146
1811,horse,166.264
1811,lobster,1.638
1811,penguin,0.491
1811,shrimp,0.479
1811,tuna,0.172
1811,zebra,0.3
1812,cat,13.46
1812,dinosaur,0.0
1812,dog,38.324
1812,goat,12.979
1812,horse,164.279
1812,lobster,1.562
1812,penguin,0.58
1812,shrimp,0.467
1812,tuna,0.172
1812,zebra,0.285
1813,cat,13.201
1813,dinosaur,0.0
1813,dog,37.203
1813,goat,12.909
1813,horse,163.155
1813,lobster,1.514
1813,penguin,0.697
1813,shrimp,0.454
1813,tuna,0.167
1813,zebra,0.277
1814,cat,13.085
1814,dinosaur,0.001
1814,dog,36.859
1814,goat,12.932
1814,horse,162.155
1814,lobster,1.483
1814,penguin,0.797
1814,shrimp,0.445
1814,tuna,0.165
1814,zebra,0.275
1815,cat,13.05
1815,dinosaur,0.001
1815,dog,37.37
1815,goat,13.015
1815,horse,160.773
1815,lobster,1.463
1815,penguin,0.835
1815,shrimp,0.444
1815,tuna,0.169
1815,zebra,0.278
1816,cat,13.062
1816,dinosaur,0.002
1816,dog,38.597
1816,goat,13.164
1816,horse,159.226
1816,lobster,1.46
1816,penguin,0.795
1816,shrimp,0.454
1816,tuna,0.178
1816,zebra,0.29
1817,cat,13.14
1817,dinosaur,0.002
1817,dog,40.196
1817,goat,13.399
1817,horse,158.567
1817,lobster,1.476
1817,penguin,0.704
1817,shrimp,0.474
1817,tuna,0.182
1817,zebra,0.306
1818,cat,13.323
1818,dinosaur,0.002
1818,dog,41.76
1818,goat,13.697
1818,horse,159.672
1818,lobster,1.501
1818,penguin,0.607
1818,shrimp,0.496
1818,tuna,0.175
1818,zebra,0.32
1819,cat,13.624
1819,dinosaur,0.001
1819,dog,43.075
1819,goat,13.981
1819,horse,162.36
1819,lobster,1.526
1819,penguin,0.54
1819,shrimp,0.512
1819,tuna,0.161
1819,zebra,0.331
1820,cat,13.993
1820,dinosaur,0.001
1820,dog,44.211
1820,goat,14.179
1820,horse,165.393
1820,lobster,1.553
1820,penguin,0.51
1820,shrimp,0.521
1820,tuna,0.148
1820,zebra,0.343
1821,cat,14.343
1821,dinosaur,0.0
1821,dog,45.347
1821,goat,14.251
1821,horse,167.673
1821,lobster,1.593
1821,penguin,0.509
1821,shrimp,0.529
1821,tuna,0.14
1821,zebra,0.361
1822,cat,14.584
1822,dinosaur,0.0
1822,dog,46.48
1822,goat,14.161
1822,horse,168.906
1822,lobster,1.643
1822,penguin,0.522
1822,shrimp,0.541
1822,tuna,0.14
1822,zebra,0.381
1823,cat,14.712
1823,dinosaur,0.001
1823,dog,47.378
1823,goat,13.893
1823,horse,169.601
1823,lobster,1.682
1823,penguin,0.538
1823,shrimp,0.556
1823,tuna,0.144
1823,zebra,0.4
1824,cat,14.762
1824,dinosaur,0.001
1824,dog,47.724
1824,goat,13.485
1824,horse,170.393
1824,lobster,1.687
1824,penguin,0.542
1824,shrimp,0.564
1824,tuna,0.149
1824,zebra,0.417
1825,cat,14.794
1825,dinosaur,0.001
1825,dog,47.486
1825,goat,13.053
1825,horse,171.62
1825,lobster,1.657
1825,penguin,0.531
1825,shrimp,0.563
1825,tuna,0.153
1825,zebra,0.439
1826,cat,14.822
1826,dinosaur,0.001
1826,dog,46.952
1826,goat,12.707
1826,horse,173.029
1826,lobster,1.613
1826,penguin,0.513
1826,shrimp,0.559
1826,tuna,0.156
1826,zebra,0.467
1827,cat,14.86
1827,dinosaur,0.001
1827,dog,46.588
1827,goat,12.483
1827,horse,174.14
1827,lobster,1.572
1827,penguin,0.505
1827,shrimp,0.562
1827,tuna,0.157
1827,zebra,0.494
1828,cat,14.892
1828,dinosaur,0.001
1828,dog,46.602
1828,goat,12.326
1828,horse,174.468
1828,lobster,1.541
1828,penguin,0.514
1828,shrimp,0.574
1828,tuna,0.157
1828,zebra,0.513
1829,cat,14.884
1829,dinosaur,0.001
1829,dog,46.842
1829,goat,12.157
1829,horse,173.835
1829,lobster,1.517
1829,penguin,0.53
1829,shrimp,0.595
1829,tuna,0.155
1829,zebra,0.521
1830,cat,14.797
1830,dinosaur,0.001
1830,dog,46.99
1830,goat,11.967
1830,horse,172.432
1830,lobster,1.506
1830,penguin,0.539
1830,shrimp,0.618
1830,tuna,0.152
1830,zebra,0.517
1831,cat,14.663
1831,dinosaur,0.001
1831,dog,46.984
1831,goat,11.826
1831,horse,170.913
1831,lobster,1.526
1831,penguin,0.537
1831,shrimp,0.639
1831,tuna,0.148
1831,zebra,0.503
1832,cat,14.583
1832,dinosaur,0.002
1832,dog,47.019
1832,goat,11.804
1832,horse,169.932
1832,lobster,1.596
1832,penguin,0.536
1832,shrimp,0.655
1832,tuna,0.143
1832,zebra,0.483
1833,cat,14.623
1833,dinosaur,0.003
1833,dog,47.197
1833,goat,11.897
1833,horse,169.629
1833,lobster,1.714
1833,penguin,0.545
1833,shrimp,0.663
1833,tuna,0.138
1833,zebra,0.466
1834,cat,14.719
1834,dinosaur,0.003
1834,dog,47.288
1834,goat,12.003
1834,horse,169.417
1834,lobster,1.845
1834,penguin,0.561
1834,shrimp,0.664
1834,tuna,0.133
1834,zebra,0.458
1835,cat,14.764
1835,dinosaur,0.004
1835,dog,47.009
1835,goat,12.014
1835,horse,168.82
1835,lobster,1.934
1835,penguin,0.573
1835,shrimp,0.661
1835,tuna,0.128
1835,zebra,0.465
1836,cat,14.724
1836,dinosaur,0.005
1836,dog,46.393
1836,goat,11.902
1836,horse,168.235
1836,lobster,1.946
1836,penguin,0.576
1836,shrimp,0.657
1836,tuna,0.123
1836,zebra,0.489
1837,cat,14.639
1837,dinosaur,0.006
1837,dog,45.806
1837,goat,11.719
1837,horse,168.677
1837,lobster,1.883
1837,penguin,0.568
1837,shrimp,0.652
1837,tuna,0.12
1837,zebra,0.524
1838,cat,14.535
1838,dinosaur,0.01
1838,dog,45.555
1838,goat,11.559
1838,horse,170.628
1838,lobster,1.782
1838,penguin,0.549
1838,shrimp,0.647
1838,tuna,0.12
1838,zebra,0.564
1839,cat,14.422
1839,dinosaur,0.016
1839,dog,45.673
1839,goat,11.51
1839,horse,173.663
1839,lobster,1.692
1839,penguin,0.522
1839,shrimp,0.646
1839,tuna,0.122
1839,zebra,0.595
1840,cat,14.3
1840,dinosaur,0.025
1840,dog,45.917
1840,goat,11.576
1840,horse,176.635
1840,lobster,1.64
1840,penguin,0.492
1840,shrimp,0.649
1840,tuna,0.126
1840,zebra,0.61
1841,cat,14.165
1841,dinosaur,0.033
1841,dog,46.047
1841,goat,11.67
1841,horse,178.607
1841,lobster,1.627
1841,penguin,0.468
1841,shrimp,0.652
1841,tuna,0.133
1841,zebra,0.604
1842,cat,13.964
1842,dinosaur,0.037
1842,dog,45.94
1842,goat,11.657
1842,horse,179.151
1842,lobster,1.631
1842,penguin,0.459
1842,shrimp,0.647
1842,tuna,0.141
1842,zebra,0.579
1843,cat,13.667
1843,dinosaur,0.035
1843,dog,45.638
1843,goat,11.46
1843,horse,178.422
1843,lobster,1.627
1843,penguin,0.466
1843,shrimp,0.631
1843,tuna,0.149
1843,zebra,0.543
1844,cat,13.325
1844,dinosaur,0.028
1844,dog,45.225
1844,goat,11.112
1844,horse,176.892
1844,lobster,1.605
1844,penguin,0.482
1844,shrimp,0.609
1844,tuna,0.155
1844,zebra,0.505
1845,cat,13.056
1845,dinosaur,0.022
1845,dog,44.734
1845,goat,10.712
1845,horse,175.101
1845,lobster,1.565
1845,penguin,0.495
1845,shrimp,0.588
1845,tuna,0.161
1845,zebra,0.469
1846,cat,12.946
1846,dinosaur,0.018
1846,dog,44.161
1846,goat,10.353
1846,horse,173.448
1846,lobster,1.516
1846,penguin,0.497
1846,shrimp,0.574
1846,tuna,0.166
1846,zebra,0.441
1847,cat,13.02
1847,dinosaur,0.018
1847,dog,43.581
1847,goat,10.091
1847,horse,172.133
1847,lobster,1.477
1847,penguin,0.485
1847,shrimp,0.568
1847,tuna,0.172
1847,zebra,0.426
1848,cat,13.273
1848,dinosaur,0.019
1848,dog,43.152
1848,goat,9.955
1848,horse,171.235
1848,lobster,1.464
1848,penguin,0.465
1848,shrimp,0.572
1848,tuna,0.182
1848,zebra,0.433
1849,cat,13.674
1849,dinosaur,0.019
1849,dog,43.02
1849,goat,9.949
1849,horse,170.742
1849,lobster,1.48
1849,penguin,0.442
1849,shrimp,0.586
1849,tuna,0.196
1849,zebra,0.459
1850,cat,14.153
1850,dinosaur,0.017
1850,dog,43.198
1850,goat,10.046
1850,horse,170.551
1850,lobster,1.52
1850,penguin,0.423
1850,shrimp,0.605
1850,tuna,0.213
1850,zebra,0.489
1851,cat,14.593
1851,dinosaur,0.014
1851,dog,43.584
1851,goat,10.185
1851,horse,170.571
1851,lobster,1.572
1851,penguin,0.41
1851,shrimp,0.626
1851,tuna,0.227
1851,zebra,0.508
1852,cat,14.905
1852,dinosaur,0.011
1852,dog,44.095
1852,goat,10.314
1852,horse,170.879
1852,lobster,1.629
1852,penguin,0.403
1852,shrimp,0.648
1852,tuna,0.238
1852,zebra,0.512
1853,cat,15.091
1853,dinosaur,0.009
1853,dog,44.788
1853,goat,10.409
1853,horse,171.932
1853,lobster,1.686
1853,penguin,0.4
1853,shrimp,0.672
1853,tuna,0.245
1853,zebra,0.511
1854,cat,15.24
1854,dinosaur,0.009
1854,dog,45.72
1854,goat,10.459
1854,horse,174.283
1854,lobster,1.738
1854,penguin,0.399
1854,shrimp,0.702
1854,tuna,0.251
1854,zebra,0.52
1855,cat,15.428
1855,dinosaur,0.01
1855,dog,46.778
1855,goat,10.457
1855,horse,177.966
1855,lobster,1.773
1855,penguin,0.395
1855,shrimp,0.738
1855,tuna,0.256
1855,zebra,0.544
1856,cat,15.657
1856,dinosaur,0.012
1856,dog,47.658
1856,goat,10.399
1856,horse,182.166
1856,lobster,1.787
1856,penguin,0.387
1856,shrimp,0.773
1856,tuna,0.257
1856,zebra,0.576
1857,cat,15.874
1857,dinosaur,0.013
1857,dog,48.117
1857,goat,10.299
1857,horse,185.703
1857,lobster,1.788
1857,penguin,0.38
1857,shrimp,0.801
1857,tuna,0.257
1857,zebra,0.597
1858,cat,16.035
1858,dinosaur,0.016
1858,dog,48.192
1858,goat,10.18
1858,horse,187.844
1858,lobster,1.788
1858,penguin,0.381
1858,shrimp,0.818
1858,tuna,0.254
1858,zebra,0.6
1859,cat,16.154
1859,dinosaur,0.021
1859,dog,48.128
1859,goat,10.074
1859,horse,188.632
1859,lobster,1.798
1859,penguin,0.396
1859,shrimp,0.825
1859,tuna,0.252
1859,zebra,0.585
1860,cat,16.272
1860,dinosaur,0.027
1860,dog,48.117
1860,goat,10.014
1860,horse,188.512
1860,lobster,1.824
1860,penguin,0.422
1860,shrimp,0.829
1860,tuna,0.251
1860,zebra,0.564
1861,cat,16.414
1861,dinosaur,0.033
1861,dog,48.202
1861,goat,10.016
1861,horse,187.865
1861,lobster,1.865
1861,penguin,0.455
1861,shrimp,0.837
1861,tuna,0.25
1861,zebra,0.547
1862,cat,16.562
1862,dinosaur,0.037
1862,dog,48.396
1862,goat,10.053
1862,horse,186.852
1862,lobster,1.908
1862,penguin,0.489
1862,shrimp,0.852
1862,tuna,0.249
1862,zebra,0.537
1863,cat,16.687
1863,dinosaur,0.038
1863,dog,48.719
1863,goat,10.062
1863,horse,185.538
1863,lobster,1.927
1863,penguin,0.52
1863,shrimp,0.869
1863,tuna,0.248
1863,zebra,0.532
1864,cat,16.783
1864,dinosaur,0.038
1864,dog,49.149
1864,goat,10.012
1864,horse,183.831
1864,lobster,1.907
1864,penguin,0.548
1864,shrimp,0.876
1864,tuna,0.247
1864,zebra,0.525
1865,cat,16.888
1865,dinosaur,0.038
1865,dog,49.577
1865,goat,9.931
1865,horse,181.636
1865,lobster,1.867
1865,penguin,0.571
1865,shrimp,0.866
1865,tuna,0.247
1865,zebra,0.513
1866,cat,17.064
1866,dinosaur,0.042
1866,dog,49.855
1866,goat,9.876
1866,horse,178.98
1866,lobster,1.84
1866,penguin,0.592
1866,shrimp,0.842
1866,tuna,0.249
1866,zebra,0.5
1867,cat,17.341
1867,dinosaur,0.048
1867,dog,49.943
1867,goat,9.875
1867,horse,176.143
1867,lobster,1.846
1867,penguin,0.606
1867,shrimp,0.816
1867,tuna,0.253
1867,zebra,0.489
1868,cat,17.685
1868,dinosaur,0.058
1868,dog,49.923
1868,goat,9.915
1868,horse,173.364
1868,lobster,1.877
1868,penguin,0.605
1868,shrimp,0.797
1868,tuna,0.257
1868,zebra,0.485
1869,cat,18.011
1869,dinosaur,0.067
1869,dog,49.948
1869,goat,9.968
1869,horse,170.66
1869,lobster,1.917
1869,penguin,0.58
1869,shrimp,0.787
1869,tuna,0.256
1869,zebra,0.488
1870,cat,18.258
1870,dinosaur,0.075
1870,dog,50.174
1870,goat,10.005
1870,horse,167.899
1870,lobster,1.967
1870,penguin,0.542
1870,shrimp,0.788
1870,tuna,0.249
1870,zebra,0.494
1871,cat,18.44
1871,dinosaur,0.085
1871,dog,50.694
1871,goat,10.014
1871,horse,165.141
1871,lobster,2.061
1871,penguin,0.51
1871,shrimp,0.798
1871,tuna,0.24
1871,zebra,0.499
1872,cat,18.608
1872,dinosaur,0.1
1872,dog,51.45
1872,goat,10.002
1872,horse,162.665
1872,lobster,2.239
1872,penguin,0.5
1872,shrimp,0.816
1872,tuna,0.233
1872,zebra,0.502
1873,cat,18.758
1873,dinosaur,0.126
1873,dog,52.245
1873,goat,9.984
1873,horse,160.769
1873,lobster,2.53
1873,penguin,0.517
1873,shrimp,0.835
1873,tuna,0.232
1873,zebra,0.503
1874,cat,18.825
1874,dinosaur,0.163
1874,dog,52.838
1874,goat,9.958
1874,horse,159.539
1874,lobster,2.911
1874,penguin,0.552
1874,shrimp,0.847
1874,tuna,0.237
1874,zebra,0.5
1875,cat,18.772
1875,dinosaur,0.207
1875,dog,53.089
1875,goat,9.901
1875,horse,158.846
1875,lobster,3.295
1875,penguin,0.589
1875,shrimp,0.849
1875,tuna,0.243
1875,zebra,0.492
1876,cat,18.671
1876,dinosaur,0.25
1876,dog,53.03
1876,goat,9.796
1876,horse,158.536
1876,lobster,3.555
1876,penguin,0.612
1876,shrimp,0.845
1876,tuna,0.248
1876,zebra,0.478
1877,cat,18.667
1877,dinosaur,0.287
1877,dog,52.78
1877,goat,9.66
1877,horse,158.564
1877,lobster,3.599
1877,penguin,0.612
1877,shrimp,0.845
1877,tuna,0.252
1877,zebra,0.463
1878,cat,18.854
1878,dinosaur,0.311
1878,dog,52.404
1878,goat,9.531
1878,horse,158.862
1878,lobster,3.443
1878,penguin,0.593
1878,shrimp,0.853
1878,tuna,0.256
1878,zebra,0.451
1879,cat,19.21
1879,dinosaur,0.321
1879,dog,51.918
1879,goat,9.439
1879,horse,159.281
1879,lobster,3.206
1879,penguin,0.563
1879,shrimp,0.869
1879,tuna,0.26
1879,zebra,0.445
1880,cat,19.621
1880,dinosaur,0.315
1880,dog,51.35
1880,goat,9.385
1880,horse,159.511
1880,lobster,3.015
1880,penguin,0.533
1880,shrimp,0.899
1880,tuna,0.262
1880,zebra,0.443
1881,cat,19.97
1881,dinosaur,0.298
1881,dog,50.798
1881,goat,9.358
1881,horse,159.4
1881,lobster,2.947
1881,penguin,0.516
1881,shrimp,0.955
1881,tuna,0.261
1881,zebra,0.444
1882,cat,20.166
1882,dinosaur,0.274
1882,dog,50.385
1882,goat,9.346
1882,horse,159.098
1882,lobster,3.0
1882,penguin,0.514
1882,shrimp,1.036
1882,tuna,0.259
1882,zebra,0.442
1883,cat,20.159
1883,dinosaur,0.249
1883,dog,50.166
1883,goat,9.333
1883,horse,159.001
1883,lobster,3.124
1883,penguin,0.517
1883,shrimp,1.118
1883,tuna,0.259
1883,zebra,0.436
1884,cat,19.962
1884,dinosaur,0.23
1884,dog,50.105
1884,goat,9.301
1884,horse,159.417
1884,lobster,3.259
1884,penguin,0.51
1884,shrimp,1.164
1884,tuna,0.263
1884,zebra,0.428
1885,cat,19.659
1885,dinosaur,0.218
1885,dog,50.121
1885,goat,9.242
1885,horse,160.497
1885,lobster,3.385
1885,penguin,0.483
1885,shrimp,1.157
1885,tuna,0.271
1885,zebra,0.423
1886,cat,19.387
1886,dinosaur,0.217
1886,dog,50.16
1886,goat,9.178
1886,horse,162.222
1886,lobster,3.493
1886,penguin,0.445
1886,shrimp,1.112
1886,tuna,0.28
1886,zebra,0.426
1887,cat,19.247
1887,dinosaur,0.227
1887,dog,50.2
1887,goat,9.16
1887,horse,164.399
1887,lobster,3.564
1887,penguin,0.414
1887,shrimp,1.055
1887,tuna,0.287
1887,zebra,0.438
1888,cat,19.25
1888,dinosaur,0.246
1888,dog,50.284
1888,goat,9.216
1888,horse,166.662
1888,lobster,3.574
1888,penguin,0.404
1888,shrimp,0.999
1888,tuna,0.289
1888,zebra,0.458
1889,cat,19.313
1889,dinosaur,0.266
1889,dog,50.469
1889,goat,9.321
1889,horse,168.536
1889,lobster,3.532
1889,penguin,0.413
1889,shrimp,0.948
1889,tuna,0.287
1889,zebra,0.48
1890,cat,19.346
1890,dinosaur,0.283
1890,dog,50.731
1890,goat,9.421
1890,horse,169.74
1890,lobster,3.487
1890,penguin,0.434
1890,shrimp,0.91
1890,tuna,0.283
1890,zebra,0.501
1891,cat,19.34
1891,dinosaur,0.301
1891,dog,50.942
1891,goat,9.465
1891,horse,170.167
1891,lobster,3.47
1891,penguin,0.458
1891,shrimp,0.891
1891,tuna,0.281
1891,zebra,0.521
1892,cat,19.386
1892,dinosaur,0.324
1892,dog,50.971
1892,goat,9.441
1892,horse,169.677
1892,lobster,3.501
1892,penguin,0.484
1892,shrimp,0.888
1892,tuna,0.283
1892,zebra,0.543
1893,cat,19.576
1893,dinosaur,0.356
1893,dog,50.882
1893,goat,9.363
1893,horse,168.211
1893,lobster,3.596
1893,penguin,0.513
1893,shrimp,0.887
1893,tuna,0.291
1893,zebra,0.57
1894,cat,19.913
1894,dinosaur,0.389
1894,dog,50.923
1894,goat,9.267
1894,horse,166.059
1894,lobster,3.749
1894,penguin,0.545
1894,shrimp,0.875
1894,tuna,0.305
1894,zebra,0.599
1895,cat,20.289
1895,dinosaur,0.412
1895,dog,51.338
1895,goat,9.209
1895,horse,163.977
1895,lobster,3.893
1895,penguin,0.569
1895,shrimp,0.854
1895,tuna,0.325
1895,zebra,0.632
1896,cat,20.593
1896,dinosaur,0.419
1896,dog,52.108
1896,goat,9.246
1896,horse,162.711
1896,lobster,3.922
1896,penguin,0.574
1896,shrimp,0.834
1896,tuna,0.353
1896,zebra,0.672
1897,cat,20.787
1897,dinosaur,0.415
1897,dog,52.93
1897,goat,9.4
1897,horse,162.433
1897,lobster,3.798
1897,penguin,0.561
1897,shrimp,0.824
1897,tuna,0.386
1897,zebra,0.718
1898,cat,20.896
1898,dinosaur,0.411
1898,dog,53.424
1898,goat,9.65
1898,horse,162.732
1898,lobster,3.593
1898,penguin,0.542
1898,shrimp,0.833
1898,tuna,0.419
1898,zebra,0.764
1899,cat,20.932
1899,dinosaur,0.417
1899,dog,53.409
1899,goat,9.948
1899,horse,163.048
1899,lobster,3.42
1899,penguin,0.532
1899,shrimp,0.856
1899,tuna,0.447
1899,zebra,0.796
1900,cat,20.872
1900,dinosaur,0.436
1900,dog,53.016
1900,goat,10.234
1900,horse,163.007
1900,lobster,3.332
1900,penguin,0.534
1900,shrimp,0.883
1900,tuna,0.468
1900,zebra,0.809
1901,cat,20.709
1901,dinosaur,0.464
1901,dog,52.534
1901,goat,10.462
1901,horse,162.473
1901,lobster,3.318
1901,penguin,0.542
1901,shrimp,0.903
1901,tuna,0.483
1901,zebra,0.811
1902,cat,20.478
1902,dinosaur,0.491
1902,dog,52.174
1902,goat,10.613
1902,horse,161.353
1902,lobster,3.353
1902,penguin,0.555
1902,shrimp,0.911
1902,tuna,0.494
1902,zebra,0.811
1903,cat,20.239
1903,dinosaur,0.508
1903,dog,51.945
1903,goat,10.705
1903,horse,159.514
1903,lobster,3.429
1903,penguin,0.574
1903,shrimp,0.908
1903,tuna,0.508
1903,zebra,0.811
1904,cat,20.039
1904,dinosaur,0.51
1904,dog,51.75
1904,goat,10.768
1904,horse,156.957
1904,lobster,3.543
1904,penguin,0.599
1904,shrimp,0.898
1904,tuna,0.529
1904,zebra,0.804
1905,cat,19.89
1905,dinosaur,0.499
1905,dog,51.531
1905,goat,10.808
1905,horse,153.913
1905,lobster,3.661
1905,penguin,0.624
1905,shrimp,0.878
1905,tuna,0.558
1905,zebra,0.785
1906,cat,19.778
1906,dinosaur,0.483
1906,dog,51.31
1906,goat,10.802
1906,horse,150.792
1906,lobster,3.792
1906,penguin,0.642
1906,shrimp,0.851
1906,tuna,0.588
1906,zebra,0.763
1907,cat,19.648
1907,dinosaur,0.471
1907,dog,51.12
1907,goat,10.726
1907,horse,147.959
1907,lobster,4.013
1907,penguin,0.65
1907,shrimp,0.825
1907,tuna,0.612
1907,zebra,0.757
1908,cat,19.472
1908,dinosaur,0.467
1908,dog,50.946
1908,goat,10.58
1908,horse,145.512
1908,lobster,4.388
1908,penguin,0.646
1908,shrimp,0.813
1908,tuna,0.619
1908,zebra,0.777
1909,cat,19.276
1909,dinosaur,0.469
1909,dog,50.746
1909,goat,10.401
1909,horse,143.344
1909,lobster,4.823
1909,penguin,0.625
1909,shrimp,0.817
1909,tuna,0.607
1909,zebra,0.811
1910,cat,19.126
1910,dinosaur,0.469
1910,dog,50.476
1910,goat,10.238
1910,horse,141.276
1910,lobster,5.056
1910,penguin,0.592
1910,shrimp,0.829
1910,tuna,0.579
1910,zebra,0.827
1911,cat,19.065
1911,dinosaur,0.471
1911,dog,50.134
1911,goat,10.121
1911,horse,139.089
1911,lobster,4.862
1911,penguin,0.565
1911,shrimp,0.831
1911,tuna,0.546
1911,zebra,0.803
1912,cat,19.095
1912,dinosaur,0.485
1912,dog,49.727
1912,goat,10.029
1912,horse,136.554
1912,lobster,4.287
1912,penguin,0.561
1912,shrimp,0.816
1912,tuna,0.523
1912,zebra,0.741
1913,cat,19.193
1913,dinosaur,0.521
1913,dog,49.269
1913,goat,9.916
1913,horse,133.485
1913,lobster,3.593
1913,penguin,0.577
1913,shrimp,0.791
1913,tuna,0.519
1913,zebra,0.662
1914,cat,19.305
1914,dinosaur,0.574
1914,dog,48.786
1914,goat,9.752
1914,horse,129.77
1914,lobster,3.03
1914,penguin,0.591
1914,shrimp,0.77
1914,tuna,0.531
1914,zebra,0.582
1915,cat,19.326
1915,dinosaur,0.625
1915,dog,48.316
1915,goat,9.57
1915,horse,125.375
1915,lobster,2.674
1915,penguin,0.581
1915,shrimp,0.768
1915,tuna,0.557
1915,zebra,0.512
1916,cat,19.157
1916,dinosaur,0.652
1916,dog,47.866
1916,goat,9.433
1916,horse,120.39
1916,lobster,2.473
1916,penguin,0.55
1916,shrimp,0.791
1916,tuna,0.591
1916,zebra,0.459
1917,cat,18.829
1917,dinosaur,0.647
1917,dog,47.408
1917,goat,9.402
1917,horse,115.124
1917,lobster,2.344
1917,penguin,0.517
1917,shrimp,0.835
1917,tuna,0.631
1917,zebra,0.43
1918,cat,18.534
1918,dinosaur,0.623
1918,dog,46.938
1918,goat,9.513
1918,horse,110.12
1918,lobster,2.242
1918,penguin,0.498
1918,shrimp,0.89
1918,tuna,0.669
1918,zebra,0.427
1919,cat,18.487
1919,dinosaur,0.602
1919,dog,46.536
1919,goat,9.759
1919,horse,105.953
1919,lobster,2.153
1919,penguin,0.497
1919,shrimp,0.95
1919,tuna,0.695
1919,zebra,0.442
1920,cat,18.761
1920,dinosaur,0.604
1920,dog,46.346
1920,goat,10.088
1920,horse,102.996
1920,lobster,2.087
1920,penguin,0.512
1920,shrimp,1.017
1920,tuna,0.705
1920,zebra,0.467
1921,cat,19.242
1921,dinosaur,0.635
1921,dog,46.478
1921,goat,10.433
1921,horse,101.334
1921,lobster,2.066
1921,penguin,0.539
1921,shrimp,1.096
1921,tuna,0.704
1921,zebra,0.496
1922,cat,19.748
1922,dinosaur,0.687
1922,dog,46.935
1922,goat,10.742
1922,horse,100.791
1922,lobster,2.087
1922,penguin,0.573
1922,shrimp,1.186
1922,tuna,0.701
1922,zebra,0.527
1923,cat,20.15
1923,dinosaur,0.743
1923,dog,47.656
1923,goat,11.01
1923,horse,100.959
1923,lobster,2.118
1923,penguin,0.606
1923,shrimp,1.277
1923,tuna,0.702
1923,zebra,0.554
1924,cat,20.433
1924,dinosaur,0.787
1924,dog,48.56
1924,goat,11.249
1924,horse,101.293
1924,lobster,2.124
1924,penguin,0.628
1924,shrimp,1.354
1924,tuna,0.713
1924,zebra,0.569
1925,cat,20.662
1925,dinosaur,0.807
1925,dog,49.57
1925,goat,11.464
1925,horse,101.351
1925,lobster,2.097
1925,penguin,0.634
1925,shrimp,1.415
1925,tuna,0.735
1925,zebra,0.571
1926,cat,20.868
1926,dinosaur,0.804
1926,dog,50.562
1926,goat,11.642
1926,horse,100.955
1926,lobster,2.07
1926,penguin,0.629
1926,shrimp,1.479
1926,tuna,0.776
1926,zebra,0.566
1927,cat,20.997
1927,dinosaur,0.793
1927,dog,51.357
1927,goat,11.757
1927,horse,100.112
1927,lobster,2.084
1927,penguin,0.626
1927,shrimp,1.574
1927,tuna,0.843
1927,zebra,0.565
1928,cat,20.941
1928,dinosaur,0.791
1928,dog,51.826
1928,goat,11.787
1928,horse,98.861
1928,lobster,2.166
1928,penguin,0.641
1928,shrimp,1.72
1928,tuna,0.94
1928,zebra,0.569
1929,cat,20.652
1929,dinosaur,0.802
1929,dog,51.971
1929,goat,11.72
1929,horse,97.178
1929,lobster,2.315
1929,penguin,0.675
1929,shrimp,1.911
1929,tuna,1.055
1929,zebra,0.575
1930,cat,20.225
1930,dinosaur,0.822
1930,dog,51.919
1930,goat,11.555
1930,horse,95.099
1930,lobster,2.501
1930,penguin,0.718
1930,shrimp,2.116
1930,tuna,1.163
1930,zebra,0.577
1931,cat,19.854
1931,dinosaur,0.84
1931,dog,51.826
1931,goat,11.326
1931,horse,92.83
1931,lobster,2.666
1931,penguin,0.755
1931,shrimp,2.288
1931,tuna,1.24
1931,zebra,0.572
1932,cat,19.687
1932,dinosaur,0.854
1932,dog,51.802
1932,goat,11.09
1932,horse,90.673
1932,lobster,2.748
1932,penguin,0.782
1932,shrimp,2.386
1932,tuna,1.285
1932,zebra,0.561
1933,cat,19.733
1933,dinosaur,0.862
1933,dog,51.862
1933,goat,10.906
1933,horse,88.891
1933,lobster,2.719
1933,penguin,0.805
1933,shrimp,2.4
1933,tuna,1.32
1933,zebra,0.552
1934,cat,19.901
1934,dinosaur,0.865
1934,dog,51.94
1934,goat,10.783
1934,horse,87.596
1934,lobster,2.606
1934,penguin,0.839
1934,shrimp,2.354
1934,tuna,1.37
1934,zebra,0.546
1935,cat,20.068
1935,dinosaur,0.861
1935,dog,51.933
1935,goat,10.681
1935,horse,86.711
1935,lobster,2.472
1935,penguin,0.889
1935,shrimp,2.294
1935,tuna,1.444
1935,zebra,0.542
1936,cat,20.137
1936,dinosaur,0.853
1936,dog,51.785
1936,goat,10.551
1936,horse,86.001
1936,lobster,2.371
1936,penguin,0.954
1936,shrimp,2.264
1936,tuna,1.532
1936,zebra,0.531
1937,cat,20.039
1937,dinosaur,0.841
1937,dog,51.497
1937,goat,10.379
1937,horse,85.09
1937,lobster,2.323
1937,penguin,1.026
1937,shrimp,2.295
1937,tuna,1.625
1937,zebra,0.51
1938,cat,19.75
1938,dinosaur,0.826
1938,dog,51.095
1938,goat,10.171
1938,horse,83.651
1938,lobster,2.317
1938,penguin,1.098
1938,shrimp,2.388
1938,tuna,1.726
1938,zebra,0.481
1939,cat,19.319
1939,dinosaur,0.81
1939,dog,50.569
1939,goat,9.95
1939,horse,81.568
1939,lobster,2.322
1939,penguin,1.166
1939,shrimp,2.517
1939,tuna,1.837
1939,zebra,0.451
1940,cat,18.838
1940,dinosaur,0.789
1940,dog,49.908
1940,goat,9.749
1940,horse,79.005
1940,lobster,2.305
1940,penguin,1.224
1940,shrimp,2.63
1940,tuna,1.94
1940,zebra,0.426
1941,cat,18.389
1941,dinosaur,0.764
1941,dog,49.107
1941,goat,9.604
1941,horse,76.252
1941,lobster,2.247
1941,penguin,1.263
1941,shrimp,2.684
1941,tuna,2.005
1941,zebra,0.407
1942,cat,18.027
1942,dinosaur,0.734
1942,dog,48.198
1942,goat,9.53
1942,horse,73.626
1942,lobster,2.157
1942,penguin,1.287
1942,shrimp,2.676
1942,tuna,2.021
1942,zebra,0.396
1943,cat,17.784
1943,dinosaur,0.71
1943,dog,47.245
1943,goat,9.504
1943,horse,71.451
1943,lobster,2.07
1943,penguin,1.305
1943,shrimp,2.638
1943,tuna,2.013
1943,zebra,0.395
1944,cat,17.688
1944,dinosaur,0.701
1944,dog,46.33
1944,goat,9.499
1944,horse,70.0
1944,lobster,2.029
1944,penguin,1.328
1944,shrimp,2.614
1944,tuna,2.027
1944,zebra,0.404
1945,cat,17.739
1945,dinosaur,0.708
1945,dog,45.555
1945,goat,9.503
1945,horse,69.329
1945,lobster,2.054
1945,penguin,1.353
1945,shrimp,2.631
1945,tuna,2.107
1945,zebra,0.418
1946,cat,17.918
1946,dinosaur,0.728
1946,dog,45.016
1946,goat,9.507
1946,horse,69.215
1946,lobster,2.136
1946,penguin,1.371
1946,shrimp,2.706
1946,tuna,2.298
1946,zebra,0.435
1947,cat,18.204
1947,dinosaur,0.756
1947,dog,44.728
1947,goat,9.496
1947,horse,69.291
1947,lobster,2.249
1947,penguin,1.379
1947,shrimp,2.849
1947,tuna,2.631
1947,zebra,0.455
1948,cat,18.572
1948,dinosaur,0.794
1948,dog,44.624
1948,goat,9.455
1948,horse,69.327
1948,lobster,2.36
1948,penguin,1.388
1948,shrimp,3.054
1948,tuna,3.11
1948,zebra,0.48
1949,cat,18.959
1949,dinosaur,0.843
1949,dog,44.596
1949,goat,9.387
1949,horse,69.235
1949,lobster,2.444
1949,penguin,1.411
1949,shrimp,3.302
1949,tuna,3.701
1949,zebra,0.512
1950,cat,19.286
1950,dinosaur,0.906
1950,dog,44.614
1950,goat,9.313
1950,horse,68.94
1950,lobster,2.488
1950,penguin,1.457
1950,shrimp,3.571
1950,tuna,4.327
1950,zebra,0.55
1951,cat,19.511
1951,dinosaur,0.985
1951,dog,44.706
1951,goat,9.245
1951,horse,68.264
1951,lobster,2.506
1951,penguin,1.518
1951,shrimp,3.851
1951,tuna,4.883
1951,zebra,0.586
1952,cat,19.668
1952,dinosaur,1.079
1952,dog,44.879
1952,goat,9.177
1952,horse,67.079
1952,lobster,2.523
1952,penguin,1.592
1952,shrimp,4.143
1952,tuna,5.269
1952,zebra,0.612
1953,cat,19.815
1953,dinosaur,1.171
1953,dog,45.05
1953,goat,9.1
1953,horse,65.442
1953,lobster,2.551
1953,penguin,1.68
1953,shrimp,4.451
1953,tuna,5.435
1953,zebra,0.623
1954,cat,19.989
1954,dinosaur,1.232
1954,dog,45.143
1954,goat,9.014
1954,horse,63.607
1954,lobster,2.598
1954,penguin,1.785
1954,shrimp,4.776
1954,tuna,5.414
1954,zebra,0.619
1955,cat,20.202
1955,dinosaur,1.241
1955,dog,45.16
1955,goat,8.921
1955,horse,61.838
1955,lobster,2.665
1955,penguin,1.89
1955,shrimp,5.125
1955,tuna,5.3
1955,zebra,0.606
1956,cat,20.456
1956,dinosaur,1.206
1956,dog,45.145
1956,goat,8.822
1956,horse,60.301
1956,lobster,2.747
1956,penguin,1.979
1956,shrimp,5.48
1956,tuna,5.18
1956,zebra,0.592
1957,cat,20.735
1957,dinosaur,1.157
1957,dog,45.115
1957,goat,8.725
1957,horse,59.072
1957,lobster,2.818
1957,penguin,2.04
1957,shrimp,5.815
1957,tuna,5.087
1957,zebra,0.582
1958,cat,21.014
1958,dinosaur,1.116
1958,dog,45.04
1958,goat,8.657
1958,horse,58.148
1958,lobster,2.841
1958,penguin,2.086
1958,shrimp,6.091
1958,tuna,5.026
1958,zebra,0.579
1959,cat,21.287
1959,dinosaur,1.088
1959,dog,44.9
1959,goat,8.645
1959,horse,57.485
1959,lobster,2.801
1959,penguin,2.134
1959,shrimp,6.275
1959,tuna,5.006
1959,zebra,0.581
1960,cat,21.586
1960,dinosaur,1.06
1960,dog,44.692
1960,goat,8.69
1960,horse,57.017
1960,lobster,2.725
1960,penguin,2.193
1960,shrimp,6.329
1960,tuna,5.044
1960,zebra,0.586
1961,cat,21.932
1961,dinosaur,1.027
1961,dog,44.425
1961,goat,8.759
1961,horse,56.671
1961,lobster,2.659
1961,penguin,2.265
1961,shrimp,6.226
1961,tuna,5.118
1961,zebra,0.594
1962,cat,22.313
1962,dinosaur,0.99
1962,dog,44.136
1962,goat,8.812
1962,horse,56.396
1962,lobster,2.637
1962,penguin,2.351
1962,shrimp,5.992
1962,tuna,5.15
1962,zebra,0.602
1963,cat,22.708
1963,dinosaur,0.953
1963,dog,43.901
1963,goat,8.829
1963,horse,56.175
1963,lobster,2.66
1963,penguin,2.455
1963,shrimp,5.707
1963,tuna,5.057
1963,zebra,0.61
1964,cat,23.113
1964,dinosaur,0.921
1964,dog,43.779
1964,goat,8.82
1964,horse,56.067
1964,lobster,2.709
1964,penguin,2.578
1964,shrimp,5.463
1964,tuna,4.83
1964,zebra,0.615
1965,cat,23.514
1965,dinosaur,0.893
1965,dog,43.725
1965,goat,8.799
1965,horse,56.14
1965,lobster,2.765
1965,penguin,2.715
1965,shrimp,5.308
1965,tuna,4.525
1965,zebra,0.62
1966,cat,23.898
1966,dinosaur,0.874
1966,dog,43.619
1966,goat,8.772
1966,horse,56.366
1966,lobster,2.825
1966,penguin,2.857
1966,shrimp,5.249
1966,tuna,4.224
1966,zebra,0.629
1967,cat,24.259
1967,dinosaur,0.869
1967,dog,43.388
1967,goat,8.729
1967,horse,56.562
1967,lobster,2.898
1967,penguin,3.004
1967,shrimp,5.279
1967,tuna,3.993
1967,zebra,0.641
1968,cat,24.614
1968,dinosaur,0.878
1968,dog,43.1
1968,goat,8.663
1968,horse,56.484
1968,lobster,2.996
1968,penguin,3.162
1968,shrimp,5.372
1968,tuna,3.875
1968,zebra,0.654
1969,cat,24.971
1969,dinosaur,0.894
1969,dog,42.872
1969,goat,8.57
1969,horse,55.955
1969,lobster,3.125
1969,penguin,3.335
1969,shrimp,5.492
1969,tuna,3.884
1969,zebra,0.665
1970,cat,25.304
1970,dinosaur,0.91
1970,dog,42.727
1970,goat,8.462
1970,horse,54.965
1970,lobster,3.276
1970,penguin,3.519
1970,shrimp,5.603
1970,tuna,3.982
1970,zebra,0.673
1971,cat,25.586
1971,dinosaur,0.926
1971,dog,42.608
1971,goat,8.358
1971,horse,53.672
1971,lobster,3.431
1971,penguin,3.703
1971,shrimp,5.697
1971,tuna,4.107
1971,zebra,0.678
1972,cat,25.836
1972,dinosaur,0.946
1972,dog,42.494
1972,goat,8.292
1972,horse,52.308
1972,lobster,3.561
1972,penguin,3.871
1972,shrimp,5.788
1972,tuna,4.212
1972,zebra,0.682
1973,cat,26.099
1973,dinosaur,0.972
1973,dog,42.44
1973,goat,8.284
1973,horse,51.068
1973,lobster,3.643
1973,penguin,4.01
1973,shrimp,5.89
1973,tuna,4.291
1973,zebra,0.685
1974,cat,26.429
1974,dinosaur,1.005
1974,dog,42.509
1974,goat,8.336
1974,horse,50.011
1974,lobster,3.668
1974,penguin,4.108
1974,shrimp,6.0
1974,tuna,4.359
1974,zebra,0.684
1975,cat,26.845
1975,dinosaur,1.044
1975,dog,42.667
1975,goat,8.438
1975,horse,49.115
1975,lobster,3.645
1975,penguin,4.158
1975,shrimp,6.096
1975,tuna,4.407
1975,zebra,0.679
1976,cat,27.304
1976,dinosaur,1.087
1976,dog,42.769
1976,goat,8.581
1976,horse,48.342
1976,lobster,3.591
1976,penguin,4.173
1976,shrimp,6.146
1976,tuna,4.408
1976,zebra,0.672
1977,cat,27.688
1977,dinosaur,1.136
1977,dog,42.648
1977,goat,8.763
1977,horse,47.706
1977,lobster,3.52
1977,penguin,4.179
1977,shrimp,6.135
1977,tuna,4.342
1977,zebra,0.668
1978,cat,27.87
1978,dinosaur,1.196
1978,dog,42.231
1978,goat,8.982
1978,horse,47.257
1978,lobster,3.442
1978,penguin,4.205
1978,shrimp,6.084
1978,tuna,4.227
1978,zebra,0.67
1979,cat,27.837
1979,dinosaur,1.267
1979,dog,41.61
1979,goat,9.223
1979,horse,47.044
1979,lobster,3.37
1979,penguin,4.262
1979,shrimp,6.043
1979,tuna,4.117
1979,zebra,0.679
1980,cat,27.729
1980,dinosaur,1.346
1980,dog,40.988
1980,goat,9.463
1980,horse,47.042
1980,lobster,3.323
1980,penguin,4.348
1980,shrimp,6.04
1980,tuna,4.056
1980,zebra,0.69
1981,cat,27.785
1981,dinosaur,1.429
1981,dog,40.558
1981,goat,9.67
1981,horse,47.183
1981,lobster,3.305
1981,penguin,4.459
1981,shrimp,6.068
1981,tuna,4.051
1981,zebra,0.703
1982,cat,28.242
1982,dinosaur,1.512
1982,dog,40.391
1982,goat,9.828
1982,horse,47.396
1982,lobster,3.31
1982,penguin,4.592
1982,shrimp,6.096
1982,tuna,4.077
1982,zebra,0.715
1983,cat,29.177
1983,dinosaur,1.601
1983,dog,40.448
1983,goat,9.933
1983,horse,47.65
1983,lobster,3.33
1983,penguin,4.75
1983,shrimp,6.108
1983,tuna,4.108
1983,zebra,0.727
1984,cat,30.363
1984,dinosaur,1.706
1984,dog,40.652
1984,goat,9.999
1984,horse,47.92
1984,lobster,3.358
1984,penguin,4.927
1984,shrimp,6.112
1984,tuna,4.136
1984,zebra,0.741
1985,cat,31.327
1985,dinosaur,1.842
1985,dog,40.945
1985,goat,10.037
1985,horse,48.157
1985,lobster,3.387
1985,penguin,5.115
1985,shrimp,6.126
1985,tuna,4.171
1985,zebra,0.759
1986,cat,31.673
1986,dinosaur,2.018
1986,dog,41.301
1986,goat,10.049
1986,horse,48.328
1986,lobster,3.408
1986,penguin,5.304
1986,shrimp,6.165
1986,tuna,4.229
1986,zebra,0.789
1987,cat,31.402
1987,dinosaur,2.231
1987,dog,41.679
1987,goat,10.028
1987,horse,48.47
1987,lobster,3.406
1987,penguin,5.492
1987,shrimp,6.228
1987,tuna,4.314
1987,zebra,0.835
1988,cat,30.885
1988,dinosaur,2.459
1988,dog,42.028
1988,goat,9.961
1988,horse,48.648
1988,lobster,3.375
1988,penguin,5.68
1988,shrimp,6.3
1988,tuna,4.415
1988,zebra,0.899
1989,cat,30.521
1989,dinosaur,2.679
1989,dog,42.287
1989,goat,9.848
1989,horse,48.908
1989,lobster,3.322
1989,penguin,5.861
1989,shrimp,6.363
1989,tuna,4.516
1989,zebra,0.975
1990,cat,30.486
1990,dinosaur,2.888
1990,dog,42.438
1990,goat,9.702
1990,horse,49.232
1990,lobster,3.257
1990,penguin,6.024
1990,shrimp,6.402
1990,tuna,4.608
1990,zebra,1.057
1991,cat,30.729
1991,dinosaur,3.099
1991,dog,42.557
1991,goat,9.547
1991,horse,49.577
1991,lobster,3.198
1991,penguin,6.171
1991,shrimp,6.415
1991,tuna,4.682
1991,zebra,1.133
1992,cat,31.081
1992,dinosaur,3.314
1992,dog,42.821
1992,goat,9.415
1992,horse,49.921
1992,lobster,3.158
1992,penguin,6.32
1992,shrimp,6.404
1992,tuna,4.737
1992,zebra,1.194
1993,cat,31.37
1993,dinosaur,3.508
1993,dog,43.386
1993,goat,9.328
1993,horse,50.291
1993,lobster,3.15
1993,penguin,6.488
1993,shrimp,6.381
1993,tuna,4.773
1993,zebra,1.238
1994,cat,31.509
1994,dinosaur,3.648
1994,dog,44.283
1994,goat,9.293
1994,horse,50.775
1994,lobster,3.18
1994,penguin,6.676
1994,shrimp,6.355
1994,tuna,4.781
1994,zebra,1.264
1995,cat,31.539
1995,dinosaur,3.728
1995,dog,45.438
1995,goat,9.305
1995,horse,51.507
1995,lobster,3.238
1995,penguin,6.871
1995,shrimp,6.33
1995,tuna,4.739
1995,zebra,1.272
1996,cat,31.582
1996,dinosaur,3.779
1996,dog,46.786
1996,goat,9.354
1996,horse,52.6
1996,lobster,3.301
1996,penguin,7.07
1996,shrimp,6.289
1996,tuna,4.621
1996,zebra,1.266
1997,cat,31.737
1997,dinosaur,3.83
1997,dog,48.317
1997,goat,9.43
1997,horse,54.084
1997,lobster,3.349
1997,penguin,7.279
1997,shrimp,6.215
1997,tuna,4.429
1997,zebra,1.25
1998,cat,32.018
1998,dinosaur,3.893
1998,dog,49.988
1998,goat,9.513
1998,horse,55.861
1998,lobster,3.376
1998,penguin,7.507
1998,shrimp,6.099
1998,tuna,4.202
1998,zebra,1.229
1999,cat,32.373
1999,dinosaur,3.958
1999,dog,51.655
1999,goat,9.572
1999,horse,57.743
1999,lobster,3.383
1999,penguin,7.752
1999,shrimp,5.952
1999,tuna,3.992
1999,zebra,1.21
2000,cat,32.718
2000,dinosaur,4.007
2000,dog,53.151
2000,goat,9.588
2000,horse,59.564
2000,lobster,3.372
2000,penguin,8.002
2000,shrimp,5.797
2000,tuna,3.827
2000,zebra,1.198
2001,cat,33.022
2001,dinosaur,4.022
2001,dog,54.488
2001,goat,9.59
2001,horse,61.29
2001,lobster,3.344
2001,penguin,8.253
2001,shrimp,5.656
2001,tuna,3.705
2001,zebra,1.19
2002,cat,33.331
2002,dinosaur,3.99
2002,dog,55.935
2002,goat,9.628
2002,horse,63.053
2002,lobster,3.305
2002,penguin,8.517
2002,shrimp,5.55
2002,tuna,3.612
2002,zebra,1.184
2003,cat,33.726
2003,dinosaur,3.915
2003,dog,57.836
2003,goat,9.741
2003,horse,65.03
2003,lobster,3.27
2003,penguin,8.82
2003,shrimp,5.488
2003,tuna,3.534
2003,zebra,1.179
2004,cat,34.257
2004,dinosaur,3.813
2004,dog,60.369
2004,goat,9.921
2004,horse,67.36
2004,lobster,3.253
2004,penguin,9.174
2004,shrimp,5.455
2004,tuna,3.46
2004,zebra,1.175
2005,cat,34.96
2005,dinosaur,3.701
2005,dog,63.502
2005,goat,10.137
2005,horse,70.127
2005,lobster,3.256
2005,penguin,9.556
2005,shrimp,5.425
2005,tuna,3.384
2005,zebra,1.174
2006,cat,35.886
2006,dinosaur,3.597
2006,dog,67.154
2006,goat,10.375
2006,horse,73.367
2006,lobster,3.279
2006,penguin,9.896
2006,shrimp,5.383
2006,tuna,3.323
2006,zebra,1.179
2007,cat,37.083
2007,dinosaur,3.52
2007,dog,71.351
2007,goat,10.654
2007,horse,76.99
2007,lobster,3.317
2007,penguin,10.126
2007,shrimp,5.335
2007,tuna,3.301
2007,zebra,1.191
2008,cat,38.54
2008,dinosaur,3.484
2008,dog,76.049
2008,goat,10.996
2008,horse,80.66
2008,lobster,3.358
2008,penguin,10.217
2008,shrimp,5.296
2008,tuna,3.322
2008,zebra,1.211
2009,cat,40.135
2009,dinosaur,3.483
2009,dog,80.81
2009,goat,11.364
2009,horse,83.823
2009,lobster,3.388
2009,penguin,10.205
2009,shrimp,5.26
2009,tuna,3.36
2009,zebra,1.235
2010,cat,41.662
2010,dinosaur,3.492
2010,dog,84.803
2010,goat,11.657
2010,horse,86.025
2010,lobster,3.393
2010,penguin,10.16
2010,shrimp,5.202
2010,tuna,3.372
2010,zebra,1.255
2011,cat,42.927
2011,dinosaur,3.488
2011,dog,87.304
2011,goat,11.782
2011,horse,87.291
2011,lobster,3.361
2011,penguin,10.143
2011,shrimp,5.096
2011,tuna,3.329
2011,zebra,1.263
2012,cat,43.814
2012,dinosaur,3.474
2012,dog,88.189
2012,goat,11.735
2012,horse,88.094
2012,lobster,3.29
2012,penguin,10.178
2012,shrimp,4.929
2012,tuna,3.233
2012,zebra,1.255
2013,cat,44.331
2013,dinosaur,3.463
2013,dog,87.978
2013,goat,11.625
2013,horse,88.991
2013,lobster,3.186
2013,penguin,10.246
2013,shrimp,4.718
2013,tuna,3.104
2013,zebra,1.234
2014,cat,44.533
2014,dinosaur,3.459
2014,dog,87.34
2014,goat,11.588
2014,horse,90.251
2014,lobster,3.068
2014,penguin,10.29
2014,shrimp,4.494
2014,tuna,2.963
2014,zebra,1.209
2015,cat,44.491
2015,dinosaur,3.443
2015,dog,86.769
2015,goat,11.687
2015,horse,91.868
2015,lobster,2.957
2015,penguin,10.243
2015,shrimp,4.288
2015,tuna,2.818
2015,zebra,1.186
2016,cat,44.309
2016,dinosaur,3.402
2016,dog,86.582
2016,goat,11.872
2016,horse,93.777
2016,lobster,2.874
2016,penguin,10.06
2016,shrimp,4.122
2016,tuna,2.679
2016,zebra,1.165
2017,cat,44.138
2017,dinosaur,3.351
2017,dog,86.961
2017,goat,12.033
2017,horse,95.808
2017,lobster,2.831
2017,penguin,9.758
2017,shrimp,4.009
2017,tuna,2.566
2017,zebra,1.146
2018,cat,44.092
2018,dinosaur,3.323
2018,dog,87.835
2018,goat,12.08
2018,horse,97.602
2018,lobster,2.83
2018,penguin,9.421
2018,shrimp,3.954
2018,tuna,2.502
2018,zebra,1.125
2019,cat,44.184
2019,dinosaur,3.331
2019,dog,88.914
2019,goat,12.016
2019,horse,98.829
2019,lobster,2.86
2019,penguin,9.146
2019,shrimp,3.948
2019,tuna,2.493
2019,zebra,1.106
